'Items',,,,,,,,,,,,,,,,,
'unique_id','Name','Category','Subcategory','Weight','Cost','Value','Damage_Vs_S_or_M','Damage_Vs_L','Damage_Type','Is_Proficiency','Is_Magic','Rate_of_Fire','Range','Max_Move_Rate','AC_Effect','Notes','DM_Notes'
'VARCHAR(20) UNIQUE','VARCHAR(50)','VARCHAR(50)','VARCHAR(50)','VARCHAR(20)','VARCHAR(20)','VARCHAR(20)','VARCHAR(20)','VARCHAR(20)','VARCHAR(20)','VARCHAR(10)','VARCHAR(10)','VARCHAR(20)','VARCHAR(20)','VARCHAR(20)','INTEGER','TEXT','TEXT'
,'display_col',,,,,,,,,,,,,,,,
'ale_pint','Ale, pint','Tavern Wares',,'1','1 sp',,,,,,,,,,,,
'backpack','Backpack','General',,'10 (empty)','2 gp',,,,,,,,,,,,
'barrel','Barrel','General',,'30 (empty)','2 gp',,,,,,,,,,,,
'bedroll','Bedroll','General',,'5','2 sp',,,,,,,,,,,,
'bell','Bell','General',,'-','1 gp',,,,,,,,,,,,
'belt','Belt','Clothing',,'-','5 sp',,,,,,,,,,,,
'blanket_woollen','Blanket, woollen','General',,'2','5 cp',,,,,,,,,,,,
'block_tackle','Block and tackle','General',,'5','5 gp',,,,,,,,,,,,
'boots_soft','Boots, soft','Clothing',,'3','1 gp',,,,,,,,,,,,
'boots_heavy','Boots, heavy','Clothing',,'5','2 gp',,,,,,,,,,,,
'bottle_wine_glass','Bottle (wine), glass','Tavern Wares',,'1','2 gp',,,,,,,,,,,,
'box','Box (empty)','General',,'15','1 gp',,,,,,,,,,,,
'archery_bracer','Bracer, leather (archery)','General',,'1','8 sp',,,,,,,,,,,,
'caltrops','Caltrops','Black Market',,'2','1 gp',,,,,,,,,,,,
'candle_beeswax','Candle, beeswax','General',,'-','1 cp',,,,,,,,,,,,
'canvas','Canvas (per sq. yd)','General',,'1','1 sp',,,,,,,,,,,,
'cauldron','Cauldron and tripod','General',,'15','2 gp',,,,,,,,,,,,
'chain','Chain (per 10 ft)','General',,'10','30 gp',,,,,,,,,,,,
'chalk','Chalk, piece','General',,'-','1 cp',,,,,,,,,,,,
'chest','Chest (empty)','General',,'25','2 gp',,,,,,,,,,,,
'cloak','Cloak','Clothing',,'2','3 cp',,,,,,,,,,,,
'crowbar','Crowbar','General',,'5','2 gp',,,,,,,,,,,,
'dice_bone','Dice, bone, pair','General',,'-','5 sp',,,,,,,,,,,,
'dice_loaded','Dice, loaded, pair','Black Market',,'-','5 gp',,,,,,,,,,,,
'doublet_linen','Doublet, linen','Clothing',,'1','3 gp',,,,,,,,,,,,
'firewood','Firewood (per day)','General',,'20','1 cp',,,,,,,,,,,,
'fish_hook','Fish hook','General',,'-','1 sp',,,,,,,,,,,,
'fishing_net','Fishing net (per 25 sq. ft)','General',,'-','1 sp',,,,,,,,,,,,
'flask_leather','Flask (leather)','General',,'-','3 cp',,,,,,,,,,,,
'flint_steel','Flint and steel','General',,'-','1 gp',,,,,,,,,,,,
'gloves_kidskin','Gloves, kidskin, pair','Clothing',,'1⁄2','3 gp',,,,,,,,,,,,
'gown_woolen','Gown, woollen','Clothing',,'1','5 cp',,,,,,,,,,,,
'gown_linen','Gown, linen','Clothing',,'1','3 gp',,,,,,,,,,,,
'gown_silk','Gown, silk','Clothing',,'1','50+ gp',,,,,,,,,,,,
'grappling_hook','Grappling hook','General',,'4','1 gp',,,,,,,,,,,,
'hammer_tool','Hammer (tool, not war)','General',,'2','5 sp',,,,,,,,,,,,
'holy_symbol_silver','Holy symbol, silver','Religious',,'1','25 gp',,,,,,,,,,,,
'holy_symbol_pewter','Holy symbol, pewter','Religious',,'1','5 gp',,,,,,,,,,,,
'holy_symbol_wooden','Holy symbol, wooden','Religious',,'1','6 sp',,,,,,,,,,,,
'horse_cart','Horse, cart','Animal',,'N/A','15 gp',,,,,,,,,,,,
'horse_nag','Horse, nag','Animal',,'N/A','8 gp',,,,,,,,,,,,
'horse_palfrey','Horse, palfrey','Animal',,'N/A','40+ gp',,,,,,,,,,,,
'horse_rouncey','Horse, rouncey','Animal',,'N/A','25 gp',,,,,,,,,,,,
'horse_war_heavy','Horse, war, heavy','Animal',,'N/A','500+ gp',,,,,,,,,,,,
'horse_war_light','Horse, war, light','Animal',,'N/A','200+ gp',,,,,,,,,,,,
'horse_war_medium','Horse, war, medium','Animal',,'N/A','350+ gp',,,,,,,,,,,,
'hose','Hose','Animal',,'-','1 gp',,,,,,,,,,,,
'iron_spikes','Iron spikes, dozen','General',,'5','1 gp',,,,,,,,,,,,
'ladder','Ladder (per 10 ft)','General',,'20','5 sp',,,,,,,,,,,,
'lamp_bronze','Lamp (bronze)','General',,'1','1 sp',,,,,,,,,,,,
'lantern_bullseye','Lantern, bullseye','General',,'3','12 gp',,,,,,,,,,,,
'lantern_hooded','Lantern, hooded','General',,'2','7 gp',,,,,,,,,,,,
'lock','Lock','General',,'1','20+ gp',,,,,,,,,,,,
'manacles','Manacles','Black Market',,'2','15 gp',,,,,,,,,,,,
'mirror_small_steel','Mirror (small steel)','General',,'1⁄2','20 gp',,,,,,,,,,,,
'mirror_small_silver','Mirror (small silver)','General',,'1⁄2','45 gp',,,,,,,,,,,,
'mule','Mule','Animal',,'N/A','18 gp',,,,,,,,,,,,
'musical_instrument','Musical instrument','General',,'1+','5+ gp',,,,,,,,,,,,
'needle_thread','Needle and thread','General',,'-','3 cp',,,,,,,,,,,,
'oil_lamp','Oil (lamp) (per pint)','General',,'1','1 sp',,'2d6','2d6','burning',,,'1','10 ft',,,'Splash damage is 1d3',
'ox','Ox','Animal',,'N/A','15 gp',,,,,,,,,,,,
'parchment','Parchment (per sheet)','General',,'-','2 sp',,,,,,,,,,,,
'pin_cloak','Pin (cloak)','Clothing',,'-','4 sp',,,,,,,,,,,,
'piton','Piton','General',,'1⁄2','1 sp',,,,,,,,,,,,
'pole','Pole (per 10 ft)','General',,'8','2 sp',,,,,,,,,,,,
'pony','Pony','Animal',,'N/A','12 gp',,,,,,,,,,,,
'pot_iron','Pot, iron','General',,'10','5 sp',,,,,,,,,,,,
'pouch_belt_large','Pouch, belt, large','General',,'2 (empty)','4 sp',,,,,,,,,,,,
'pouch_belt_small','Pouch, belt, small','General',,'1 (empty)','2 sp',,,,,,,,,,,,
'quill_pen','Quill (pen)','General',,'-','1 sp',,,,,,,,,,,,
'quiver_arrow_12','Quiver (holds 12 arrows)','General',,'1 (empty)','1 gp',,,,,,,,,,,,
'quiver_arrow_24','Quiver (holds 24 arrows)','General',,'2 (empty)','25 sp',,,,,,,,,,,,
'quiver_bolt_12','Quiver (holds 12 bolts)','General',,'1 (empty)','12 sp',,,,,,,,,,,,
'quiver_bolt_24','Quiver (holds 24 bolts)','General',,'2 (empty)','3 gp',,,,,,,,,,,,
'rations_standard','Rations, standard (per day)','General',,'2','2 gp',,,,,,,,,,,,
'rations_trail','Rations, trail (per day)','General',,'1','6 gp',,,,,,,,,,,,
'reins_bit_bridle','Reins, bit and bridle','General',,'5','2 gp',,,,,,,,,,,,
'robe_linen','Robe, linen','Clothing',,'1','3 gp',,,,,,,,,,,,
'robe_silk','Robe, silk','Clothing',,'1','60+ gp',,,,,,,,,,,,
'rope_hemp','Rope, hemp (per 50 ft)','General',,'10','1 gp',,,,,,,,,,,,
'rope_silk','Rope, silk (per 50 ft)','General',,'5','10 gp',,,,,,,,,,,,
'sack_small','Sack, small','General',,'1⁄2 (empty)','9 cp',,,,,,,,,,,,
'sack_large','Sack, large','General',,'1 (empty)','15 cp',,,,,,,,,,,,
'saddle_stirrups','Saddle and stirrups','General',,'20','10 gp',,,,,,,,,,,,
'satchel','Satchel','General',,'5 (empty)','1 gp',,,,,,,,,,,,
'scrollcase_bone','Scrollcase, bone','General',,'1⁄2','4 gp',,,,,,,,,,,,
'scrollcase_leather','Scrollcase, leather','General',,'1⁄2','1 gp',,,,,,,,,,,,
'shoes_common','Shoes, common','Clothing',,'1','5 sp',,,,,,,,,,,,
'shoes_noble','Shoes, noble','Clothing',,'1','30+ gp',,,,,,,,,,,,
'shovel','Shovel','General',,'8','2 gp',,,,,,,,,,,,
'wistle_signal','Signal whistle','General',,'-','8 sp',,,,,,,,,,,,
'skillet','Skillet','General',,'5','1 gp',,,,,,,,,,,,
'soap','Soap (per lb)','General',,'1','5 sp',,,,,,,,,,,,
'spellbook','Spell book','Black Market',,'5','25 gp',,,,,,,,,,,,
'tent','Tent','General',,'20','10 gp',,,,,,,,,,,,
'thieves_tools','Thieves’ Tools','Black Market',,'1','30 gp',,,,,,,,,,,,
'torch','Torch','General',,'1','1 cp',,,,,,,,,,,,
'tunic_woolen','Tunic, woollen','Clothing',,'1','5 cp',,,,,,,,,,,,
'tunic_banqueting','Tunic, banqueting','Clothing',,'1','10+ gp',,,,,,,,,,,,
'twine_linen','Twine, linen (per 100 ft)','General',,'1⁄2','8 cp',,,,,,,,,,,,
'vellum','Vellum (per sheet)','General',,'-','3 sp',,,,,,,,,,,,
'wagon_small','Wagon, small','General',,'N/A','100 gp',,,,,,,,,,,,
'wagon_large','Wagon, large','General',,'N/A','250 gp',,,,,,,,,,,,
'water_holy','Water, holy (per vial)','Religious',,'1⁄2','25 gp',,,,,,,,,,,,
'waterskin','Waterskin (3 pint)','General',,'1 (empty)','1 gp',,,,,,,,,,,,
'whetstone','Whetstone','General',,'1⁄2','2 cp',,,,,,,,,,,,
'wine','Wine, pint','Tavern Wares',,'1','5 sp',,,,,,,,,,,,
'arrows','Arrows','Weapon','Ammunition','4 (per dozen)','2 gp (per dozen)',,'1d6','1d6','piercing',,,,,,,,
'axe_battle','Axe, Battle','Weapon',,'7','5 gp',,'1d8','1d8','slicing','yes',,,,,,,
'axe_hand','Axe, Hand','Weapon',,'5','1 gp',,'1d6','1d4','slicing','yes',,'1','10 ft',,,,
'bolt_heavy_xbow','Bolt, Heavy Crossbow','Weapon','Ammunition','4 (per dozen)','4 gp (per dozen)',,'1d6+1','1d6+1','piercing',,,,,,,,
'bolt_light_xbow','Bolt, Light Crossbow','Weapon','Ammunition','2 (per dozen)','2 gp (per dozen)',,'1d4+1','1d4+1','piercing',,,,,,,,
'club','Club','Weapon',,'3','2 cp',,'1d4','1d3','blunt','yes',,'1','10 ft',,,,
'dagger','Dagger','Weapon',,'1','2 gp',,'1d4','1d3','slicing','yes',,'2','10 ft',,,,
'dart','Dart','Weapon',,'1⁄2','2 sp',,'1d3','1d2','piercing, missile','yes',,'3','15 ft',,,,
'flail_heavy','Flail, Heavy','Weapon',,'10','3 gp',,'1d6+1','2d4','blunt','yes',,,,,,,
'flail_light','Flail, Light','Weapon',,'4','6 gp',,'1d4+1','1d4+1','blunt','yes',,,,,,,
'halberd','Halberd','Weapon',,'18','9 gp',,'1d10','2d6','piercing, slicing','yes',,,,,,,
'hammer_war_heavy','Hammer, War, Heavy','Weapon',,'10','7 gp',,'1d6+1','1d6','blunt','yes',,,,,,,
'hammer_war_light','Hammer, War, Light','Weapon',,'5','1 gp',,'1d4+1','1d4','blunt','yes',,'1','10 ft',,,,
'javelin','Javelin','Weapon',,'4','5 sp',,'1d6','1d4','piercing','yes',,'1','20 ft',,,,
'lance','Lance','Weapon',,'15','6 gp',,'2d4+1','3d6','piercing','yes',,,,,,,
'mace_heavy','Mace, Heavy','Weapon',,'10','10 gp',,'1d6+1','1d6','blunt','yes',,,,,,,
'mace_light','Mace, Light','Weapon',,'5','4 gp',,'1d4+1','1d4+1','blunt','yes',,,,,,,
'morning_star','Morning Star','Weapon',,'12','5 gp',,'2d4','1d6+1','blunt','yes',,,,,,,
'oil','Oil','Weapon',,'1','Proficiency oil_lamp',,'2d6','2d6','burning','yes',,'1','10 ft',,,'Splash damage is 1d3',
'pick_heavy','Pick, Heavy','Weapon',,'10','8 gp',,'1d6+1','2d4','piercing','yes',,,,,,,
'pick_light','Pick, Light','Weapon',,'4','5 gp',,'1d4+1','1d4','piercing','yes',,,,,,,
'pole_arm','Pole Arm','Weapon',,'8','6 gp',,'1d6+1','1d10','piercing','yes',,,,,,,
'sling_bullet','Sling Bullet','Weapon',,'4 (per dozen)','1 gp (per dozen)',,'1d4+1','1d6+1','blunt',,,'1','35 ft',,,,
'sling_stone','Sling Stone','Weapon','Ammunition','2 (per dozen)','Free',,'1d4','1d4','blunt',,,'1','35 ft',,,,
'spear','Spear','Weapon',,'5','1 gp',,'1d6','1d8','piercing','yes',,'1','15 ft',,,,
'staff','Staff','Weapon',,'5','Free',,'1d6','1d6','blunt','yes',,,,,,,
'sword_bastard','Sword, Bastard','Weapon','Sword','10','25 gp',,'2d4','2d8','slicing, both-hand','yes',,,,,,,
'sword_claymore','Sword, Claymore','Weapon','Sword','10','25 gp',,'2d4','2d8','slicing, both-hand','yes',,,,,,,
'sword_broad','Sword, Broad','Weapon','Sword','8','10 gp',,'2d4','1d6+1','slicing, two-hand','yes',,,,,,,
'sword_long','Sword, Long','Weapon','Sword','7','15 gp',,'1d8','1d12','slicing','yes',,,,,,,
'sword_scimitar','Sword, Scimitar','Weapon','Sword','5','15 gp',,'1d8','1d8','slicing','yes',,,,,,,
'sword_short','Sword, Short','Weapon','Sword','3','8 gp',,'1d6','1d8','piercing','yes',,,,,,,
'sword_two_handed','Sword, Two-Handed','Weapon','Sword','25','30 gp',,'1d10','3d6','slicing, two-hand','yes',,,,,,,
'trident','Trident','Weapon',,'5','4 gp',,'1d6+1','3d4','piercing','yes',,,,,,,
'bow_long','Bow, Long','Weapon','Bow','12','60 gp',,'1d6','1d6','missile','yes',,'2','70 ft',,,,
'bow_short','Bow, Short','Weapon','Bow','8','15 gp',,'1d6','1d6','missile','yes',,'2','50 ft',,,,
'composite_bow_long','Composite Bow, Long','Weapon','Bow','13','100 gp',,'1d6','1d6','missile','yes',,'2','60 ft',,,,
'composite_bow_short','Composite Bow, Short','Weapon','Bow','9','75 gp',,'1d6','1d6','missile','yes',,'2','50 ft',,,,
'crossbow_heavy','Crossbow, Heavy','Weapon','Crossbow','12','20 gp',,'1d6+1','1d6+1','missile','yes',,'1⁄2','60 ft',,,,
'crossbow_light','Crossbow, Light','Weapon','Crossbow','4','12 gp',,'1d4+1','1d4+1','missile','yes',,'1','60 ft',,,,
'sling','Sling','Weapon',,'5','1gp',,'by ammo','by ammo','missile','yes',,'1','35 ft',,,,
'armour_banded','Banded Armour','Armour',,'35 lbs','90 gp',,,,,,,,,'90 ft','-6',,
'armour_chain','Mail Armour, Chain','Armour',,'30 lbs','75 gp',,,,,,,,,'90 ft','-5',,
'armour_chain_hauberk','Mail Armour, Hauberk (chain)','Armour',,'30 lbs','75 gp',,,,,,,,,'90 ft','-5',,
'armour_chain_byrnie','Mail Armour, Byrnie (chain)','Armour',,'30 lbs','75 gp',,,,,,,,,'90 ft','-5',,
'armour_elfin_chain','Mail Armour, Elfin (chain)','Armour',,'15 lbs','Not sold',,,,,,'yes',,,'120 ft','-5',,
'armour_leather','Leather Armour','Armour',,'15 lbs','5 gp',,,,,,,,,'120 ft','-2',,
'armour_padded','Padded Gambeson','Armour',,'10 lbs','4 gp',,,,,,,,,'90 ft','-2',,
'armour_plate','Plate Armour','Armour',,'45 lbs','400 gp',,,,,,,,,'60 ft','-7',,
'armour_ring','Ring Armour','Armour',,'35 lbs','30 gp',,,,,,,,,'90 ft','-3',,
'armour_scale','Scale Armour','Armour',,'40 lbs','45 gp',,,,,,,,,'60 ft','-4',,
'armour_lamellar','Lamellar Armour','Armour',,'40 lbs','45 gp',,,,,,,,,'60 ft','-4',,
'shield_large','Shield, Large','Armour',,'10 lbs','15 gp',,,,,,,,,'N/A','-1',,
'shield_medium','Shield, Medium','Armour',,'8 lbs','12 gp',,,,,,,,,'N/A','-1',,
'shield_small','Shield, Small','Armour',,'5 lbs','10 gp',,,,,,,,,'N/A','-1',,
'armour_splint','Mail Armour, Splint','Armour',,'40 lbs','80 gp',,,,,,,,,'60 ft','-6',,
'armour_studded','Studded Leather Armour','Armour',,'20 lbs','15 gp',,,,,,,,,'90 ft','-3',,
'gemstone_agate_banded','Agate, Banded','Gemstone','Ornamental','0','Not sold','4d4',,,,,,,,,,,
'gemstone_agate_eye','Agate, Eye','Gemstone','Ornamental','0','Not sold','4d4',,,,,,,,,,,
'gemstone_agate_moss','Agate, Moss','Gemstone','Ornamental','0','Not sold','4d4',,,,,,,,,,,
'gemstone_azurite','Azurite','Gemstone','Ornamental','0','Not sold','4d4',,,,,,,,,,,
'gemstone_blue_quartz','Quartz, Blue','Gemstone','Ornamental','0','Not sold','4d4',,,,,,,,,,,
'gemstone_hematite','Hematite','Gemstone','Ornamental','0','Not sold','4d4',,,,,,,,,,,
'gemstone_lapis_lazuli','Lapis Lazuli','Gemstone','Ornamental','0','Not sold','4d4',,,,,,,,,,,
'gemstone_malachite','Malachite','Gemstone','Ornamental','0','Not sold','4d4',,,,,,,,,,,
'gemstone_obsidian','Obsidian','Gemstone','Ornamental','0','Not sold','4d4',,,,,,,,,,,
'gemstone_rhodochrosite','Rhodochrosite','Gemstone','Ornamental','0','Not sold','4d4',,,,,,,,,,,
'gemstone_tiger_eye','Tiger Eye','Gemstone','Ornamental','0','Not sold','4d4',,,,,,,,,,,
'gemstone_turquoise','Turquoise','Gemstone','Ornamental','0','Not sold','4d4',,,,,,,,,,,
'gemstone_freshwater_pearl','Freshwater Pearl','Gemstone','Ornamental','0','Not sold','4d4',,,,,,,,,,,
'gemstone_bloodstone','Bloodstone','Gemstone','Semi-Percious','0','Not sold','2d4 × 10',,,,,,,,,,,
'gemstone_carnelian','Carnelian','Gemstone','Semi-Percious','0','Not sold','2d4 × 10',,,,,,,,,,,
'gemstone_chalcedony','Chalcedony','Gemstone','Semi-Percious','0','Not sold','2d4 × 10',,,,,,,,,,,
'gemstone_chrysoprase','Chrysoprase','Gemstone','Semi-Percious','0','Not sold','2d4 × 10',,,,,,,,,,,
'gemstone_citrine','Citrine','Gemstone','Semi-Percious','0','Not sold','2d4 × 10',,,,,,,,,,,
'gemstone_iolite','Iolite','Gemstone','Semi-Percious','0','Not sold','2d4 × 10',,,,,,,,,,,
'gemstone_jasper','Jasper','Gemstone','Semi-Percious','0','Not sold','2d4 × 10',,,,,,,,,,,
'gemstone_moonstone','Moonstone','Gemstone','Semi-Percious','0','Not sold','2d4 × 10',,,,,,,,,,,
'gemstone_onyx','Onyx','Gemstone','Semi-Percious','0','Not sold','2d4 × 10',,,,,,,,,,,
'gemstone_peridot','Peridot','Gemstone','Semi-Percious','0','Not sold','2d4 × 10',,,,,,,,,,,
'gemstone_clear quartz','Clear Quartz (Rock Crystal)','Gemstone','Semi-Percious','0','Not sold','2d4 × 10',,,,,,,,,,,
'gemstone_sard','Sard','Gemstone','Semi-Percious','0','Not sold','2d4 × 10',,,,,,,,,,,
'gemstone_sardonyx','Sardonyx','Gemstone','Semi-Percious','0','Not sold','2d4 × 10',,,,,,,,,,,
'gemstone_rose_quartz','Quartz, Rose','Gemstone','Semi-Percious','0','Not sold','2d4 × 10',,,,,,,,,,,
'gemstone_smoky_quartz','Quartz, Smoky','Gemstone','Semi-Percious','0','Not sold','2d4 × 10',,,,,,,,,,,
'gemstone_star_rose_quartz','Quartz, Star Rose','Gemstone','Semi-Percious','0','Not sold','2d4 × 10',,,,,,,,,,,
'gemstone_zircon','Zircon','Gemstone','Semi-Percious','0','Not sold','2d4 × 10',,,,,,,,,,,
'gemstone_amber','Amber','Gemstone','Fancy','0','Not sold','4d4 × 10',,,,,,,,,,,
'gemstone_amethyst','Amethyst','Gemstone','Fancy','0','Not sold','4d4 × 10',,,,,,,,,,,
'gemstone_chrysoberyl','Chrysoberyl','Gemstone','Fancy','0','Not sold','4d4 × 10',,,,,,,,,,,
'gemstone_coral','Coral','Gemstone','Fancy','0','Not sold','4d4 × 10',,,,,,,,,,,
'gemstone_red_garnet','Garnet, Red','Gemstone','Fancy','0','Not sold','4d4 × 10',,,,,,,,,,,
'gemstone_brown_green_garnet','Garnet, Brown-Green','Gemstone','Fancy','0','Not sold','4d4 × 10',,,,,,,,,,,
'gemstone_jade','Jade','Gemstone','Fancy','0','Not sold','4d4 × 10',,,,,,,,,,,
'gemstone_jet','Jet','Gemstone','Fancy','0','Not sold','4d4 × 10',,,,,,,,,,,
'gemstone_white_pearl','Pearl, White','Gemstone','Fancy','0','Not sold','4d4 × 10',,,,,,,,,,,
'gemstone_golden_pearl','Pearl, Golden','Gemstone','Fancy','0','Not sold','4d4 × 10',,,,,,,,,,,
'gemstone_pink_pearl','Pearl, Pink','Gemstone','Fancy','0','Not sold','4d4 × 10',,,,,,,,,,,
'gemstone_silver_pearl','Pearl, Silver','Gemstone','Fancy','0','Not sold','4d4 × 10',,,,,,,,,,,
'gemstone_red_spinel','Spinel, Red','Gemstone','Fancy','0','Not sold','4d4 × 10',,,,,,,,,,,
'gemstone_red_brown_spinel','Spinel, Red-Brown','Gemstone','Fancy','0','Not sold','4d4 × 10',,,,,,,,,,,
'gemstone_deep_green','Spinel, Deep Green','Gemstone','Fancy','0','Not sold','4d4 × 10',,,,,,,,,,,
'gemstone_tourmaline','Tourmaline','Gemstone','Fancy','0','Not sold','4d4 × 10',,,,,,,,,,,
'gemstone_alexandrite','Alexandrite','Gemstone','Precious','0','Not sold','2d4 × 100',,,,,,,,,,,
'gemstone_aquamarine','Aquamarine','Gemstone','Precious','0','Not sold','2d4 × 100',,,,,,,,,,,
'gemstone_violet_garnet','Garnet, Violet','Gemstone','Precious','0','Not sold','2d4 × 100',,,,,,,,,,,
'gemstone_black_pearl','Pearl, Black','Gemstone','Precious','0','Not sold','2d4 × 100',,,,,,,,,,,
'gemstone_deep_blue_spinel','Spinel, Deep Blue','Gemstone','Precious','0','Not sold','2d4 × 100',,,,,,,,,,,
'gemstone_golden_yellow_topaz','Topaz, Golden Yellow','Gemstone','Precious','0','Not sold','2d4 × 100',,,,,,,,,,,
'gemstone_emerald','Emerald','Gemstone','Gem','0','Not sold','4d4 × 100',,,,,,,,,,,
'gemstone_white_opal','Opal, White','Gemstone','Gem','0','Not sold','4d4 × 100',,,,,,,,,,,
'gemstone_black_opal','Opal, Black','Gemstone','Gem','0','Not sold','4d4 × 100',,,,,,,,,,,
'gemstone_fire_opal','Opal, Fire','Gemstone','Gem','0','Not sold','4d4 × 100',,,,,,,,,,,
'gemstone_blue_sapphire','Sapphire, Blue','Gemstone','Gem','0','Not sold','4d4 × 100',,,,,,,,,,,
'gemstone_fiery_yellow_corundum','Corundum, Fiery Yellow','Gemstone','Gem','0','Not sold','4d4 × 100',,,,,,,,,,,
'gemstone_rich_purple_corundum','Corundum, Rich Purple','Gemstone','Gem','0','Not sold','4d4 × 100',,,,,,,,,,,
'gemstone_blue_star_sapphire','Sapphire, Blue Star','Gemstone','Gem','0','Not sold','4d4 × 100',,,,,,,,,,,
'gemstone_black_star_sapphire','Sapphire, Black Star','Gemstone','Gem','0','Not sold','4d4 × 100',,,,,,,,,,,
'gemstone_star_ruby','Ruby, Star','Gemstone','Gem','0','Not sold','4d4 × 100',,,,,,,,,,,
'gemstone_clearest_bright_green_emerald','Emerald, Clearest Bright Green','Gemstone','Jewel','0','Not sold','2d4 × 1000',,,,,,,,,,,
'gemstone_blue_white_diamond','Diamond, Blue-White','Gemstone','Jewel','0','Not sold','2d4 × 1000',,,,,,,,,,,
'gemstone_canary_diamond','Diamond, Canary','Gemstone','Jewel','0','Not sold','2d4 × 1000',,,,,,,,,,,
'gemstone_pink_diamond','Diamond, Pink','Gemstone','Jewel','0','Not sold','2d4 × 1000',,,,,,,,,,,
'gemstone_brown_diamond','Diamond, Brown','Gemstone','Jewel','0','Not sold','2d4 × 1000',,,,,,,,,,,
'gemstone_blue_diamond','Diamond, Blue','Gemstone','Jewel','0','Not sold','2d4 × 1000',,,,,,,,,,,
'gemstone_jacinth','Jacinth','Gemstone','Jewel','0','Not sold','2d4 × 1000',,,,,,,,,,,
'jewelry_amulet','Amulet','Jewelry',,'0','Not sold',,,,,,,,,,,,
'jewelry_anklet','Anklet','Jewelry',,'0',,,,,,,,,,,,,
'jewelry_arm_ring','Arm-ring','Jewelry',,'0',,,,,,,,,,,,,
'jewelry_belt','Belt','Jewelry',,'0',,,,,,,,,,,,,
'jewelry_box','Box','Jewelry',,'0',,,,,,,,,,,,,
'jewelry_bracelet','Bracelet','Jewelry',,'0',,,,,,,,,,,,,
'jewelry_brooch','Brooch','Jewelry',,'0',,,,,,,,,,,,,
'jewelry_buckle','Buckle','Jewelry',,'0',,,,,,,,,,,,,
'jewelry_chain','Chain','Jewelry',,'0',,,,,,,,,,,,,
'jewelry_chalice','Chalice','Jewelry',,'0',,,,,,,,,,,,,
'jewelry_choker','Choker','Jewelry',,'0',,,,,,,,,,,,,
'jewelry_clasp','Clasp','Jewelry',,'0',,,,,,,,,,,,,
'jewelry_comb','Comb','Jewelry',,'0',,,,,,,,,,,,,
'jewelry_coronet','Coronet','Jewelry',,'0',,,,,,,,,,,,,
'jewelry_crown','Crown','Jewelry',,'0',,,,,,,,,,,,,
'jewelry_diadem','Diadem','Jewelry',,'0',,,,,,,,,,,,,
'jewelry_earring','Earring','Jewelry',,'0',,,,,,,,,,,,,
'jewelry_goblet','Goblet','Jewelry',,'0',,,,,,,,,,,,,
'jewelry_idol','Idol','Jewelry',,'0',,,,,,,,,,,,,
'jewelry_knife','Knife','Jewelry',,'0',,,,,,,,,,,,,
'jewelry_locket','Locket','Jewelry',,'0',,,,,,,,,,,,,
'jewelry_medal','Medal','Jewelry',,'0',,,,,,,,,,,,,
'jewelry_medallion','Medallion','Jewelry',,'0',,,,,,,,,,,,,
'jewelry_necklace','Necklace','Jewelry',,'0',,,,,,,,,,,,,
'jewelry_penant','Pendant','Jewelry',,'0',,,,,,,,,,,,,
'jewelry_pin','Pin','Jewelry',,'0',,,,,,,,,,,,,
'jewelry_orb','Orb','Jewelry',,'0',,,,,,,,,,,,,
'jewelry_ring','Ring','Jewelry',,'0',,,,,,,,,,,,,
'jewelry_sceptre','Sceptre','Jewelry',,'0',,,,,,,,,,,,,
'jewelry_seal','Seal','Jewelry',,'0',,,,,,,,,,,,,
'jewelry_statuette','Statuette','Jewelry',,'0',,,,,,,,,,,,,
'jewelry_tiara','Tiara','Jewelry',,'0',,,,,,,,,,,,,
'jewelry_toe_ring','Toe-ring','Jewelry',,'0',,,,,,,,,,,,,
'jewelry_weapon_hilt','Weapon-hilt','Jewelry',,'0',,,,,,,,,,,,,
'armour_banded_+1','Banded Armour +1','Armour',,'0','Not sold','4000',,,,,'yes',,,,'-7',,
'armour_banded_+2','Banded Armour +2','Armour',,'0','Not sold','8000',,,,,'yes',,,,'-8',,
'armour_banded_+3','Banded Armour +3','Armour',,'0','Not sold','12000',,,,,'yes',,,,'-9',,
'armour_banded_+4','Banded Armour +4','Armour',,'0','Not sold','16000',,,,,'yes',,,,'-10',,
'armour_banded_+5','Banded Armour +5','Armour',,'0','Not sold','20000',,,,,'yes',,,,'-11',,
'armour_banded_cursed','Banded Armour, Cursed','Armour',,'0','Not sold','0',,,,,'yes',,,,'-6',,
'armour_chain_+1','Mail Armour, Chain +1','Armour',,'0','Not sold','3500',,,,,'yes',,,,'-6',,
'armour_chain_+2','Mail Armour, Chain +2','Armour',,'0','Not sold','7000',,,,,'yes',,,,'-7',,
'armour_chain_+3','Mail Armour, Chain +3','Armour',,'0','Not sold','10500',,,,,'yes',,,,'-8',,
'armour_chain_+4','Mail Armour, Chain +4','Armour',,'0','Not sold','14000',,,,,'yes',,,,'-9',,
'armour_chain_+5','Mail Armour, Chain +5','Armour',,'0','Not sold','17500',,,,,'yes',,,,'-10',,
'armour_chain_cursed','Mail Armour, Chain Cursed','Armour',,'0','Not sold','0',,,,,'yes',,,,'-5',,
'armour_elfin_chain_+1','Mail Armour, Elfin (chain) +1','Armour',,'0','Not sold','5500',,,,,'yes',,,,'-6',,
'armour_elfin_chain_+2','Mail Armour, Elfin (chain) +2','Armour',,'0','Not sold','11000',,,,,'yes',,,,'-7',,
'armour_elfin_chain_+3','Mail Armour, Elfin (chain) +3','Armour',,'0','Not sold','16500',,,,,'yes',,,,'-8',,
'armour_elfin_chain_+4','Mail Armour, Elfin (chain) +4','Armour',,'0','Not sold','22000',,,,,'yes',,,,'-9',,
'armour_elfin_chain_+5','Mail Armour, Elfin (chain) +5','Armour',,'0','Not sold','27500',,,,,'yes',,,,'-10',,
'armour_elfin_chain_cursed','Mail Armour, Elfin (chain) Cursed','Armour',,'0','Not sold','0',,,,,'yes',,,,'-5',,
'armour_leather_+1','Leather Armour +1','Armour',,'0','Not sold','2000',,,,,'yes',,,,'-3',,
'armour_leather_+2','Leather Armour +2','Armour',,'0','Not sold','4000',,,,,'yes',,,,'-4',,
'armour_leather_+3','Leather Armour +3','Armour',,'0','Not sold','6000',,,,,'yes',,,,'-5',,
'armour_leather_+4','Leather Armour +4','Armour',,'0','Not sold','8000',,,,,'yes',,,,'-6',,
'armour_leather_+5','Leather Armour +5','Armour',,'0','Not sold','10000',,,,,'yes',,,,'-7',,
'armour_leather_cursed','Leather Armour Cursed','Armour',,'0','Not sold','0',,,,,'yes',,,,'-2',,
'armour_plate_+1','Plate Armour +1','Armour',,'0','Not sold','5000',,,,,'yes',,,,'-8',,
'armour_plate_+2','Plate Armour +2','Armour',,'0','Not sold','10000',,,,,'yes',,,,'-9',,
'armour_plate_+3','Plate Armour +3','Armour',,'0','Not sold','15000',,,,,'yes',,,,'-10',,
'armour_plate_+4','Plate Armour +4','Armour',,'0','Not sold','20000',,,,,'yes',,,,'-11',,
'armour_plate_+5','Plate Armour +5','Armour',,'0','Not sold','25000',,,,,'yes',,,,'-12',,
'armour_plate_cursed','Plate Armour Cursed','Armour',,'0','Not sold','0',,,,,'yes',,,,'-7',,
'armour_ring_+1','Ring Armour +1','Armour',,'0','Not sold','2500',,,,,'yes',,,,'-4',,
'armour_ring_+2','Ring Armour +2','Armour',,'0','Not sold','5000',,,,,'yes',,,,'-5',,
'armour_ring_+3','Ring Armour +3','Armour',,'0','Not sold','7500',,,,,'yes',,,,'-6',,
'armour_ring_+4','Ring Armour +4','Armour',,'0','Not sold','10000',,,,,'yes',,,,'-7',,
'armour_ring_+5','Ring Armour +5','Armour',,'0','Not sold','12500',,,,,'yes',,,,'-8',,
'armour_ring_cursed','Ring Armour Cursed','Armour',,'0','Not sold','0',,,,,'yes',,,,'-3',,
'armour_splint_+1','Mail Armour, Splint +1','Armour',,'0','Not sold','4000',,,,,'yes',,,,'-7',,
'armour_splint_+2','Mail Armour, Splint +2','Armour',,'0','Not sold','8000',,,,,'yes',,,,'-8',,
'armour_splint_+3','Mail Armour, Splint +3','Armour',,'0','Not sold','12000',,,,,'yes',,,,'-9',,
'armour_splint_+4','Mail Armour, Splint +4','Armour',,'0','Not sold','16000',,,,,'yes',,,,'-10',,
'armour_splint_+5','Mail Armour, Splint +5','Armour',,'0','Not sold','20000',,,,,'yes',,,,'-11',,
'armour_splint_cursed','Mail Armour, Splint Cursed','Armour',,'0','Not sold','0',,,,,'yes',,,,'-6',,
'armour_scale_+1','Scale Armour +1','Armour',,'0','Not sold','3000',,,,,'yes',,,,'-5',,
'armour_scale_+2','Scale Armour +2','Armour',,'0','Not sold','6000',,,,,'yes',,,,'-6',,
'armour_scale_+3','Scale Armour +3','Armour',,'0','Not sold','9000',,,,,'yes',,,,'-7',,
'armour_scale_+4','Scale Armour +4','Armour',,'0','Not sold','12000',,,,,'yes',,,,'-8',,
'armour_scale_+5','Scale Armour +5','Armour',,'0','Not sold','15000',,,,,'yes',,,,'-9',,
'armour_scale_cursed','Scale Armour Cursed','Armour',,'0','Not sold','0',,,,,'yes',,,,'-4',,
'armour_studded_+1','Studded Leather Armour +1','Armour',,'0','Not sold','2250',,,,,'yes',,,,'-4',,
'armour_studded_+2','Studded Leather Armour +2','Armour',,'0','Not sold','4500',,,,,'yes',,,,'-5',,
'armour_studded_+3','Studded Leather Armour +3','Armour',,'0','Not sold','6750',,,,,'yes',,,,'-6',,
'armour_studded_+4','Studded Leather Armour +4','Armour',,'0','Not sold','9000',,,,,'yes',,,,'-7',,
'armour_studded_+5','Studded Leather Armour +5','Armour',,'0','Not sold','11250',,,,,'yes',,,,'-8',,
'armour_studded_cursed','Studded Leather Armour Cursed','Armour',,'0','Not sold','0',,,,,'yes',,,,'-3',,
'shield_medium_+1','Shield, Medium +1','Armour',,'0','Not sold','2500',,,,,'yes',,,,'-2',,
'shield_medium_+2','Shield, Medium +2','Armour',,'0','Not sold','5000',,,,,'yes',,,,'-3',,
'shield_medium_+3','Shield, Medium +3','Armour',,'0','Not sold','7500',,,,,'yes',,,,'-4',,
'shield_medium_+4','Shield, Medium +4','Armour',,'0','Not sold','10000',,,,,'yes',,,,'-5',,
'shield_medium_+5','Shield, Medium +5','Armour',,'0','Not sold','12500',,,,,'yes',,,,'-6',,
'shield_medium_cursed','Shield, Medium Cursed','Armour',,'0','Not sold','0',,,,,'yes',,,,'-1',,
'arrow_+1','Arrow +1','Weapon','Ammunition','0','Not sold','2,000','1d6 + 1','1d6 + 1','piercing',,'yes',,,,,,
'arrow_+2','Arrow +2','Weapon','Ammunition','0','Not sold','8,000','1d6 + 2','1d6 + 2','piercing',,'yes',,,,,,
'arrow_+3','Arrow +3','Weapon','Ammunition','0','Not sold','18,000','1d6 + 3','1d6 + 3','piercing',,'yes',,,,,,
'arrow_+4','Arrow +4','Weapon','Ammunition','0','Not sold','32,000','1d6 + 4','1d6 + 4','piercing',,'yes',,,,,,
'arrow_+5','Arrow +5','Weapon','Ammunition','0','Not sold','50,000','1d6 + 5','1d6 + 5','piercing',,'yes',,,,,,
'arrow_cursed','Arrow Cursed','Weapon','Ammunition','0','Not sold','0','1d6','1d6','piercing',,'yes',,,,,,
'arrow_of_slaying','Arrow of Slaying','Weapon','Ammunition','0','Not sold','2,500','1d6 + 3','1d6 + 3','piercing',,'yes',,,,,,'<b>(AFPRT)</b><br />A +3 arrow particularly deadly to a certain type of creature. There is always some mark, usually a rune or pictograph, to denote the type of target the arrow will instantly slay on a successful attack. A chart is included for random determination but the GM is advised to modify the chart to fit his or her unique milieu. One should note the type can be as general as “humanoid” or as specific as “hobgoblin.”<br /><br />d%<br />01-02\tClerics\n03-04\tDemi-Humans\n05-06\tDemons\n07-08\tDevils\n09-10\tDinosaurs\n11-12\tDragons\n13-14\tDruids\n15-16\tDwarfs\n17-18\tElementals\n19-20\tElves\n21-22\tEttin\n23-24\tFighters\n25-26\tGhouls\n27-28\tGiants\n29-30\tGnolls\n31-32\tGnomes\n33-34\tGoblins\n35-36\tGolems\n37-38\tGriffons\n39-40\tHalflings\n41-42\tHarpies\n43-44\tHell Hounds\n45-46\tHippogriffs\n47-48\tHobgoblins\n49-50\tHumanoids\n51-52\tHumans\n53-54\tHydras\n55-56\tIllusionists\n57-58\tKobolds\n59-60\tLiches\n61-62\tLizard Men\n63-64\tLycanthropes\n65-66\tMagic Users\n67-68\tMammals\n69-70\tMedusae\n71-72\tMummies\n73-74\tNaga\n75-76\tOgres\n77-78\tOrcs\n79-80\tPaladins\n81-82\tRangers\n83-84\tReptiles\n85-86\tSkeletons\n87-88\tSpiders\n89-90\tThieves\n91-92\tTroglodytes\n93-94\tTrolls\n95-96\tUndead\n97-98\tVampires\n99-00\tZombies'
'axe_battle_+1','Axe, Battle +1','Weapon',,'0','Not sold','2,000','1d8 + 1','1d8 + 1','slicing','axe_battle','yes',,,,,,
'axe_battle_+2','Axe, Battle +2','Weapon',,'0','Not sold','8,000','1d8 + 2','1d8 + 2','slicing','axe_battle','yes',,,,,,
'axe_battle_+3','Axe, Battle +3','Weapon',,'0','Not sold','18,000','1d8 + 3','1d8 + 3','slicing','axe_battle','yes',,,,,,
'axe_battle_+4','Axe, Battle +4','Weapon',,'0','Not sold','32,000','1d8 + 4','1d8 + 4','slicing','axe_battle','yes',,,,,,
'axe_battle_+5','Axe, Battle +5','Weapon',,'0','Not sold','50,000','1d8 + 5','1d8 + 5','slicing','axe_battle','yes',,,,,,
'axe_battle_cursed','Axe, Battle Cursed','Weapon',,'0','Not sold','0','1d8','1d8','slicing','axe_battle','yes',,,,,,
'axe_hand_+1','Axe, Hand +1','Weapon',,'0','Not sold','2,000','1d6 + 1','1d4 + 1','slicing','axe_hand','yes','1','10 ft',,,,
'axe_hand_+2','Axe, Hand +2','Weapon',,'0','Not sold','8,000','1d6 + 2','1d4 + 2','slicing','axe_hand','yes','1','10 ft',,,,
'axe_hand_+3','Axe, Hand +3','Weapon',,'0','Not sold','18,000','1d6 + 3','1d4 + 3','slicing','axe_hand','yes','1','10 ft',,,,
'axe_hand_+4','Axe, Hand +4','Weapon',,'0','Not sold','32,000','1d6 + 4','1d4 + 4','slicing','axe_hand','yes','1','10 ft',,,,
'axe_hand_+5','Axe, Hand +5','Weapon',,'0','Not sold','50,000','1d6 + 5','1d4 + 5','slicing','axe_hand','yes','1','10 ft',,,,
'axe_hand_cursed','Axe, Hand Cursed','Weapon',,'0','Not sold','0','1d6','1d4','slicing','axe_hand','yes','1','10 ft',,,,
'axe_of_hurling','Axe of Hurling','Weapon',,'0','Not sold','4500','1d6 + 2','1d4 + 2','slicing','axe_hand','yes','1','10 ft',,,,'<b>(AFPR)</b><br />A +2 magic hand axe specially made for throwing up to 60 ft and retaining both its to hit and damage bonus when used as a missile weapon.'
'bolt_heavy_xbow_+1','Bolt, Heavy Crossbow +1','Weapon','Ammunition','0','Not sold','2,000','1d6+2','1d6+2','piercing',,'yes',,,,,,
'bolt_heavy_xbow_+2','Bolt, Heavy Crossbow +2','Weapon','Ammunition','0','Not sold','8,000','1d6+3','1d6+3','piercing',,'yes',,,,,,
'bolt_heavy_xbow_+3','Bolt, Heavy Crossbow +3','Weapon','Ammunition','0','Not sold','18,000','1d6+4','1d6+4','piercing',,'yes',,,,,,
'bolt_heavy_xbow_+4','Bolt, Heavy Crossbow +4','Weapon','Ammunition','0','Not sold','32,000','1d6+5','1d6+5','piercing',,'yes',,,,,,
'bolt_heavy_xbow_+5','Bolt, Heavy Crossbow +5','Weapon','Ammunition','0','Not sold','50,000','1d6+6','1d6+6','piercing',,'yes',,,,,,
'bolt_heavy_xbow_cursed','Bolt, Heavy Crossbow Cursed','Weapon','Ammunition','0','Not sold','0','1d6+1','1d6+1','piercing',,'yes',,,,,,
'bolt_light_xbow_+1','Bolt, Light Crossbow +1','Weapon','Ammunition','0','Not sold','2,000','1d4+2','1d4+2','piercing',,'yes',,,,,,
'bolt_light_xbow_+2','Bolt, Light Crossbow +2','Weapon','Ammunition','0','Not sold','8,000','1d4+3','1d4+3','piercing',,'yes',,,,,,
'bolt_light_xbow_+3','Bolt, Light Crossbow +3','Weapon','Ammunition','0','Not sold','18,000','1d4+4','1d4+4','piercing',,'yes',,,,,,
'bolt_light_xbow_+4','Bolt, Light Crossbow +4','Weapon','Ammunition','0','Not sold','32,000','1d4+5','1d4+5','piercing',,'yes',,,,,,
'bolt_light_xbow_+5','Bolt, Light Crossbow +5','Weapon','Ammunition','0','Not sold','50,000','1d4+6','1d4+6','piercing',,'yes',,,,,,
'bolt_light_xbow_cursed','Bolt, Light Crossbow Cursed','Weapon','Ammunition','0','Not sold','0','1d4+1','1d4+1','piercing',,'yes',,,,,,
'bow_long_+1','Bow, Long +1','Weapon','Bow','0','Not sold','2,000','1d6 + 1','1d6 + 1','missile','bow_long','yes',,,,,,
'bow_long_+2','Bow, Long +2','Weapon','Bow','0','Not sold','8,000','1d6 + 2','1d6 + 2','missile','bow_long','yes',,,,,,
'bow_long_+3','Bow, Long +3','Weapon','Bow','0','Not sold','18,000','1d6 + 3','1d6 + 3','missile','bow_long','yes',,,,,,
'bow_long_+4','Bow, Long +4','Weapon','Bow','0','Not sold','32,000','1d6 + 4','1d6 + 4','missile','bow_long','yes',,,,,,
'bow_long_+5','Bow, Long +5','Weapon','Bow','0','Not sold','50,000','1d6 + 5','1d6 + 5','missile','bow_long','yes',,,,,,
'bow_long_cursed','Bow, Long Cursed','Weapon','Bow','0','Not sold','0','1d6','1d6','missile','bow_long','yes',,,,,,
'bow_short_+1','Bow, Short +1','Weapon','Bow','0','Not sold','2,000','1d6 + 1','1d6 + 1','missile','bow_short','yes',,,,,,
'bow_short_+2','Bow, Short +2','Weapon','Bow','0','Not sold','8,000','1d6 + 2','1d6 + 2','missile','bow_short','yes',,,,,,
'bow_short_+3','Bow, Short +3','Weapon','Bow','0','Not sold','18,000','1d6 + 3','1d6 + 3','missile','bow_short','yes',,,,,,
'bow_short_+4','Bow, Short +4','Weapon','Bow','0','Not sold','32,000','1d6 + 4','1d6 + 4','missile','bow_short','yes',,,,,,
'bow_short_+5','Bow, Short +5','Weapon','Bow','0','Not sold','50,000','1d6 + 5','1d6 + 5','missile','bow_short','yes',,,,,,
'bow_short_cursed','Bow, Short Cursed','Weapon','Bow','0','Not sold','0','1d6','1d6','missile','bow_short','yes',,,,,,
'composite_bow_long_+1','Composite Bow, Long +1','Weapon','Bow','0','Not sold','2,000','1d6 + 1','1d6 + 1','missile','composite_bow_long','yes',,,,,,
'composite_bow_long_+2','Composite Bow, Long +2','Weapon','Bow','0','Not sold','8,000','1d6 + 2','1d6 + 2','missile','composite_bow_long','yes',,,,,,
'composite_bow_long_+3','Composite Bow, Long +3','Weapon','Bow','0','Not sold','18,000','1d6 + 3','1d6 + 3','missile','composite_bow_long','yes',,,,,,
'composite_bow_long_+4','Composite Bow, Long +4','Weapon','Bow','0','Not sold','32,000','1d6 + 4','1d6 + 4','missile','composite_bow_long','yes',,,,,,
'composite_bow_long_+5','Composite Bow, Long +5','Weapon','Bow','0','Not sold','50,000','1d6 + 5','1d6 + 5','missile','composite_bow_long','yes',,,,,,
'composite_bow_long_+6','Composite Bow, Long +6','Weapon','Bow','0','Not sold','0','1d6','1d6','missile','composite_bow_long','yes',,,,,,
'composite_bow_short_+1','Composite Bow, Short +1','Weapon','Bow','0','Not sold','2,000','1d6 + 1','1d6 + 1','missile','composite_bow_short','yes',,,,,,
'composite_bow_short_+2','Composite Bow, Short +2','Weapon','Bow','0','Not sold','8,000','1d6 + 2','1d6 + 2','missile','composite_bow_short','yes',,,,,,
'composite_bow_short_+3','Composite Bow, Short +3','Weapon','Bow','0','Not sold','18,000','1d6 + 3','1d6 + 3','missile','composite_bow_short','yes',,,,,,
'composite_bow_short_+4','Composite Bow, Short +4','Weapon','Bow','0','Not sold','32,000','1d6 + 4','1d6 + 4','missile','composite_bow_short','yes',,,,,,
'composite_bow_short_+5','Composite Bow, Short +5','Weapon','Bow','0','Not sold','50,000','1d6 + 5','1d6 + 5','missile','composite_bow_short','yes',,,,,,
'composite_bow_short_cursed','Composite Bow, Short Cursed','Weapon','Bow','0','Not sold','0','1d6','1d6','missile','composite_bow_short','yes',,,,,,
'crossbow_heavy_+1','Crossbow, Heavy +1','Weapon','Crossbow','0','Not sold','2,000','1d6+2','1d6+2','missile','crossbow_heavy','yes',,,,,,
'crossbow_heavy_+2','Crossbow, Heavy +2','Weapon','Crossbow','0','Not sold','8,000','1d6+3','1d6+3','missile','crossbow_heavy','yes',,,,,,
'crossbow_heavy_+3','Crossbow, Heavy +3','Weapon','Crossbow','0','Not sold','18,000','1d6+4','1d6+4','missile','crossbow_heavy','yes',,,,,,
'crossbow_heavy_+4','Crossbow, Heavy +4','Weapon','Crossbow','0','Not sold','32,000','1d6+5','1d6+5','missile','crossbow_heavy','yes',,,,,,
'crossbow_heavy_+5','Crossbow, Heavy +5','Weapon','Crossbow','0','Not sold','50,000','1d6+6','1d6+6','missile','crossbow_heavy','yes',,,,,,
'crossbow_heavy_cursed','Crossbow, Heavy Cursed','Weapon','Crossbow','0','Not sold','0','1d6+1','1d6+1','missile','crossbow_heavy','yes',,,,,,
'crossbow_of_accuracy_heavy','Crossbow of Accuracy, Heavy','Weapon','Crossbow','0','Not sold','12000','1d6+4','1d6+4','missile','crossbow_heavy','yes',,,,,,'<b>(AFPRT)</b><br />Besides a +3 bonus on to hit and damage rolls, all attacks with this weapon are considered short range. 10% of these weapons are heavy crossbows.'
'crossbow_of_range_heavy','Crossbow of Range, Heavy','Weapon','Crossbow','0','Not sold','7500','1d6+2','1d6+2','missile','crossbow_heavy','yes',,,,,,'<b>(AFPRT)</b><br />This +1 crossbow has double the range in all categories of standard crossbows. 20% of these weapons are heavy crossbows.'
'crossbow_of_speed_heavy','Crossbow of Speed, Heavy','Weapon','Crossbow','0','Not sold','7500','1d6+1','1d6+1','missile','crossbow_heavy','yes',,,,,,'<b>(AFPRT)</b><br />This weapon allows double the normal firing rate of normal crossbows. When determining randomly, 10% of these weapons are heavy crossbows.'
'crossbow_light_+1','Crossbow, Light +1','Weapon','Crossbow','0','Not sold','2,000','1d4+2','1d4+2','missile','crossbow_light','yes',,,,,,
'crossbow_light_+2','Crossbow, Light +2','Weapon','Crossbow','0','Not sold','8,000','1d4+3','1d4+3','missile','crossbow_light','yes',,,,,,
'crossbow_light_+3','Crossbow, Light +3','Weapon','Crossbow','0','Not sold','18,000','1d4+4','1d4+4','missile','crossbow_light','yes',,,,,,
'crossbow_light_+4','Crossbow, Light +4','Weapon','Crossbow','0','Not sold','32,000','1d4+5','1d4+5','missile','crossbow_light','yes',,,,,,
'crossbow_light_+5','Crossbow, Light +5','Weapon','Crossbow','0','Not sold','50,000','1d4+6','1d4+6','missile','crossbow_light','yes',,,,,,
'crossbow_light_cursed','Crossbow, Light Cursed','Weapon','Crossbow','0','Not sold','0','1d4+1','1d4+1','missile','crossbow_light','yes',,,,,,
'crossbow_of_accuracy_light','Crossbow of Accuracy, Light','Weapon','Crossbow','0','Not sold','12,000','1d4+4','1d4+4','missile','crossbow_light','yes',,,,,,'<b>(AFPRT)</b><br />Besides a +3 bonus on to hit and damage rolls, all attacks with this weapon are considered short range. 10% of these weapons are heavy crossbows.'
'crossbow_of_range_light','Crossbow of Range, Light','Weapon','Crossbow','0','Not sold','7500','1d4+2','1d4+2','missile','crossbow_light','yes',,,,,,'<b>(AFPRT)</b><br />This +1 crossbow has double the range in all categories of standard crossbows. 20% of these weapons are heavy crossbows.'
'crossbow_of_speed_light','Crossbow of Speed, Light','Weapon','Crossbow','0','Not sold','7500','1d4+1','1d4+1','missile','crossbow_light','yes',,,,,,'<b>(AFPRT)</b><br />This weapon allows double the normal firing rate of normal crossbows. When determining randomly, 10% of these weapons are heavy crossbows.'
'dagger_+1','Dagger +1','Weapon',,'0','Not sold','2,000','1d4 + 1','1d3 + 1','slicing','dagger','yes',,,,,,
'dagger_+2','Dagger +2','Weapon',,'0','Not sold','8,000','1d4 + 2','1d3 + 2','slicing','dagger','yes',,,,,,
'dagger_+3','Dagger +3','Weapon',,'0','Not sold','18,000','1d4 + 3','1d3 + 3','slicing','dagger','yes',,,,,,
'dagger_+4','Dagger +4','Weapon',,'0','Not sold','32,000','1d4 + 4','1d3 + 4','slicing','dagger','yes',,,,,,
'dagger_+5','Dagger +5','Weapon',,'0','Not sold','50,000','1d4 + 5','1d3 + 5','slicing','dagger','yes',,,,,,
'dagger_cursed','Dagger Cursed','Weapon',,'0','Not sold','0','1d4','1d3','slicing','dagger','yes',,,,,,
'dagger_of_venom','Dagger of Venom','Weapon',,'0','Not sold','3000','1d4 + 1','1d3 + 1','slicing','dagger','yes',,,,,,'<b>(AFT)</b><br />A +1 dagger which, on a natural hit roll of 20, injects a dose of lethal poison into its victim, Treasure though the target gets a saving throw vs poison to negate. The dagger can hold six doses of poison in a tiny compartment in the hilt and can be refilled. Use of this weapon by good aligned characters should be closely monitored.'
'flail_heavy_+1','Flail, Heavy +1','Weapon',,'0','Not sold','2,000','1d6+2','2d4+1','blunt','flail_heavy','yes',,,,,,
'flail_heavy_+2','Flail, Heavy +2','Weapon',,'0','Not sold','8,000','1d6+3','2d4+2','blunt','flail_heavy','yes',,,,,,
'flail_heavy_+3','Flail, Heavy +3','Weapon',,'0','Not sold','18,000','1d6+4','2d4+3','blunt','flail_heavy','yes',,,,,,
'flail_heavy_+4','Flail, Heavy +4','Weapon',,'0','Not sold','32,000','1d6+5','2d4+4','blunt','flail_heavy','yes',,,,,,
'flail_heavy_+5','Flail, Heavy +5','Weapon',,'0','Not sold','50,000','1d6+6','2d4+5','blunt','flail_heavy','yes',,,,,,
'flail_heavy_cursed','Flail, Heavy Cursed','Weapon',,'0','Not sold','0','1d6+1','2d4','blunt','flail_heavy','yes',,,,,,
'flail_light_+1','Flail, Light +1','Weapon',,'0','Not sold','2,000','1d4+2','1d4+2','blunt','flail_light','yes',,,,,,
'flail_light_+2','Flail, Light +2','Weapon',,'0','Not sold','8,000','1d4+3','1d4+3','blunt','flail_light','yes',,,,,,
'flail_light_+3','Flail, Light +3','Weapon',,'0','Not sold','18,000','1d4+4','1d4+4','blunt','flail_light','yes',,,,,,
'flail_light_+4','Flail, Light +4','Weapon',,'0','Not sold','32,000','1d4+5','1d4+5','blunt','flail_light','yes',,,,,,
'flail_light_+5','Flail, Light +5','Weapon',,'0','Not sold','50,000','1d4+6','1d4+6','blunt','flail_light','yes',,,,,,
'flail_light_cursed','Flail, Light Cursed','Weapon',,'0','Not sold','0','1d4+1','1d4+1','blunt','flail_light','yes',,,,,,
'hammer_war_heavy_+1','Hammer, War, Heavy +1','Weapon',,'0','Not sold','2,000','1d6+2','1d6+1','blunt','hammer_war_heavy','yes',,,,,,
'hammer_war_heavy_+2','Hammer, War, Heavy +2','Weapon',,'0','Not sold','8,000','1d6+3','1d6+2','blunt','hammer_war_heavy','yes',,,,,,
'hammer_war_heavy_+3','Hammer, War, Heavy +3','Weapon',,'0','Not sold','18,000','1d6+4','1d6+3','blunt','hammer_war_heavy','yes',,,,,,
'hammer_war_heavy_+4','Hammer, War, Heavy +4','Weapon',,'0','Not sold','32,000','1d6+5','1d6+4','blunt','hammer_war_heavy','yes',,,,,,
'hammer_war_heavy_+5','Hammer, War, Heavy +5','Weapon',,'0','Not sold','50,000','1d6+6','1d6+5','blunt','hammer_war_heavy','yes',,,,,,
'hammer_war_heavy_cursed','Hammer, War, Heavy Cursed','Weapon',,'0','Not sold','0','1d6+1','1d6','blunt','hammer_war_heavy','yes',,,,,,
'hammer_of_the_dwarfs_war_heavy','Hammer of the Dwarfs, War, Heavy','Weapon',,'0','Not sold','15,000','1d6+3','1d6+2','blunt','hammer_war_heavy','yes',,,,,,'<b>(F)</b><br />Usually functions as a +2 hammer. In the hands of a dwarfish fighter who knows the command word, however, this weapon is a full +3 warhammer. The hammer of the dwarfs retains its attack bonus when hurled as a missile weapon, doing double damage if it hits and boomeranging back to its owner. If thrown at a giant opponent (including ogres, trolls, and ettin) the hammer will cause triple damage if it hits.'
'hammer_war_light_+1','Hammer, War, Light +1','Weapon',,'0','Not sold','2,000','1d4+2','1d4+1','blunt','hammer_war_light','yes',,,,,,
'hammer_war_light_+2','Hammer, War, Light +2','Weapon',,'0','Not sold','8,000','1d4+3','1d4+2','blunt','hammer_war_light','yes',,,,,,
'hammer_war_light_+3','Hammer, War, Light +3','Weapon',,'0','Not sold','18,000','1d4+4','1d4+3','blunt','hammer_war_light','yes',,,,,,
'hammer_war_light_+4','Hammer, War, Light +4','Weapon',,'0','Not sold','32,000','1d4+5','1d4+4','blunt','hammer_war_light','yes',,,,,,
'hammer_war_light_+5','Hammer, War, Light +5','Weapon',,'0','Not sold','50,000','1d4+6','1d4+5','blunt','hammer_war_light','yes',,,,,,
'hammer_war_light_cursed','Hammer, War, Light Cursed','Weapon',,'0','Not sold','0','1d4+1','1d4','blunt','hammer_war_light','yes',,,,,,
'hammer_of_the_dwarfs_war_light','Hammer of the Dwarfs, War, Light','Weapon',,'0','Not sold','15,000','1d4+3','1d4+2','blunt','hammer_war_light','yes',,,,,,'<b>(F)</b><br />Usually functions as a +2 hammer. In the hands of a dwarfish fighter who knows the command word, however, this weapon is a full +3 warhammer. The hammer of the dwarfs retains its attack bonus when hurled as a missile weapon, doing double damage if it hits and boomeranging back to its owner. If thrown at a giant opponent (including ogres, trolls, and ettin) the hammer will cause triple damage if it hits.'
'javelin_+1','Javelin +1','Weapon',,'0','Not sold','2,000','1d6 + 1','1d4 + 1','piercing','javelin','yes',,,,,,
'javelin_+2','Javelin +2','Weapon',,'0','Not sold','8,000','1d6 + 2','1d4 + 2','piercing','javelin','yes',,,,,,
'javelin_+3','Javelin +3','Weapon',,'0','Not sold','18,000','1d6 + 3','1d4 + 3','piercing','javelin','yes',,,,,,
'javelin_+4','Javelin +4','Weapon',,'0','Not sold','32,000','1d6 + 4','1d4 + 4','piercing','javelin','yes',,,,,,
'javelin_+5','Javelin +5','Weapon',,'0','Not sold','50,000','1d6 + 5','1d4 + 5','piercing','javelin','yes',,,,,,
'javelin_cursed','Javelin Cursed','Weapon',,'0','Not sold','0','1d6','1d4','piercing','javelin','yes',,,,,,
'mace_heavy_+1','Mace, Heavy +1','Weapon',,'0','Not sold','2,000','1d6+2','1d6+1','blunt','mace_heavy','yes',,,,,,
'mace_heavy_+2','Mace, Heavy +2','Weapon',,'0','Not sold','8,000','1d6+3','1d6+2','blunt','mace_heavy','yes',,,,,,
'mace_heavy_+3','Mace, Heavy +3','Weapon',,'0','Not sold','18,000','1d6+4','1d6+3','blunt','mace_heavy','yes',,,,,,
'mace_heavy_+4','Mace, Heavy +4','Weapon',,'0','Not sold','32,000','1d6+5','1d6+4','blunt','mace_heavy','yes',,,,,,
'mace_heavy_+5','Mace, Heavy +5','Weapon',,'0','Not sold','50,000','1d6+6','1d6+5','blunt','mace_heavy','yes',,,,,,
'mace_heavy_cursed','Mace, Heavy Cursed','Weapon',,'0','Not sold','0','1d6+1','1d6','blunt','mace_heavy','yes',,,,,,
'mace_holy_heavy','Mace, Holy, Heavy','Weapon',,'0','Not sold','17500','1d6+2','1d6+1','blunt','mace_heavy','yes',,,,,,'<b>(CFPR)</b><br />A +1 mace with special powers vs evil creatures and the undead. The mace has a neutral good alignment and does 5d4 points of bonus damage to any evil target it strikes. Against the undead, however, the holy mace reveals its true power. When the mace strikes a demon, devil, or undead creature, a turn undead roll is made on the Turning Undead table as the wielder were a 12th level cleric. If the creature fails its roll it is immediately blasted out of existence by the holy power of the mace. Some creatures (example: skeletons, zombies, and ghouls) are automatically destroyed. Stronger undead creatures which have a numerical result instead of a “T” or “D” on the matrix get that number as a saving throw vs disruption. Even if the undead target makes its saving throw or is immune to disruption, the mace will still deal double the damage plus double the damage bonus.'
'mace_light_+1','Mace, Light +1','Weapon',,'0','Not sold','2,000','1d4+2','1d4+2','blunt','mace_light','yes',,,,,,
'mace_light_+2','Mace, Light +2','Weapon',,'0','Not sold','8,000','1d4+3','1d4+3','blunt','mace_light','yes',,,,,,
'mace_light_+3','Mace, Light +3','Weapon',,'0','Not sold','18,000','1d4+4','1d4+4','blunt','mace_light','yes',,,,,,
'mace_light_+4','Mace, Light +4','Weapon',,'0','Not sold','32,000','1d4+5','1d4+5','blunt','mace_light','yes',,,,,,
'mace_light_+5','Mace, Light +5','Weapon',,'0','Not sold','50,000','1d4+6','1d4+6','blunt','mace_light','yes',,,,,,
'mace_light_cursed','Mace, Light Cursed','Weapon',,'0','Not sold','0','1d4+1','1d4+1','blunt','mace_light','yes',,,,,,
'mace_holy_light','Mace, Holy, Light','Weapon',,'0','Not sold','17500','1d4+2','1d4+2','blunt','mace_light','yes',,,,,,'<b>(CFPR)</b><br />A +1 mace with special powers vs evil creatures and the undead. The mace has a neutral good alignment and does 5d4 points of bonus damage to any evil target it strikes. Against the undead, however, the holy mace reveals its true power. When the mace strikes a demon, devil, or undead creature, a turn undead roll is made on the Turning Undead table as the wielder were a 12th level cleric. If the creature fails its roll it is immediately blasted out of existence by the holy power of the mace. Some creatures (example: skeletons, zombies, and ghouls) are automatically destroyed. Stronger undead creatures which have a numerical result instead of a “T” or “D” on the matrix get that number as a saving throw vs disruption. Even if the undead target makes its saving throw or is immune to disruption, the mace will still deal double the damage plus double the damage bonus.'
'pick_heavy_+1','Pick, Heavy +1','Weapon',,'0','Not sold','2,000','1d6+2','2d4+1','piercing','pick_heavy','yes',,,,,,
'pick_heavy_+2','Pick, Heavy +2','Weapon',,'0','Not sold','8,000','1d6+3','2d4+2','piercing','pick_heavy','yes',,,,,,
'pick_heavy_+3','Pick, Heavy +3','Weapon',,'0','Not sold','18,000','1d6+4','2d4+3','piercing','pick_heavy','yes',,,,,,
'pick_heavy_+4','Pick, Heavy +4','Weapon',,'0','Not sold','32,000','1d6+5','2d4+4','piercing','pick_heavy','yes',,,,,,
'pick_heavy_+5','Pick, Heavy +5','Weapon',,'0','Not sold','50,000','1d6+6','2d4+5','piercing','pick_heavy','yes',,,,,,
'pick_heavy_cursed','Pick, Heavy Cursed','Weapon',,'0','Not sold','0','1d6+1','2d4','piercing','pick_heavy','yes',,,,,,
'pick_light_+1','Pick, Light +1','Weapon',,'0','Not sold','2,000','1d4+2','1d4+1','piercing','pick_light','yes',,,,,,
'pick_light_+2','Pick, Light +2','Weapon',,'0','Not sold','8,000','1d4+3','1d4+2','piercing','pick_light','yes',,,,,,
'pick_light_+3','Pick, Light +3','Weapon',,'0','Not sold','18,000','1d4+4','1d4+3','piercing','pick_light','yes',,,,,,
'pick_light_+4','Pick, Light +4','Weapon',,'0','Not sold','32,000','1d4+5','1d4+4','piercing','pick_light','yes',,,,,,
'pick_light_+5','Pick, Light +5','Weapon',,'0','Not sold','50,000','1d4+6','1d4+5','piercing','pick_light','yes',,,,,,
'pick_light_cursed','Pick, Light Cursed','Weapon',,'0','Not sold','0','1d4+1','1d4','piercing','pick_light','yes',,,,,,
'morning_star_+1','Morning Star +1','Weapon',,'0','Not sold','2,000','2d4+1','1d6+2','blunt','morning_star','yes',,,,,,
'morning_star_+2','Morning Star +2','Weapon',,'0','Not sold','8,000','2d4+2','1d6+3','blunt','morning_star','yes',,,,,,
'morning_star_+3','Morning Star +3','Weapon',,'0','Not sold','18,000','2d4+3','1d6+4','blunt','morning_star','yes',,,,,,
'morning_star_+4','Morning Star +4','Weapon',,'0','Not sold','32,000','2d4+4','1d6+5','blunt','morning_star','yes',,,,,,
'morning_star_+5','Morning Star +5','Weapon',,'0','Not sold','50,000','2d4+5','1d6+6','blunt','morning_star','yes',,,,,,
'morning_star_cursed','Morning Star Cursed','Weapon',,'0','Not sold','0','2d4','1d6+1','blunt','morning_star','yes',,,,,,
'pole_arm_+1','Pole Arm +1','Weapon',,'0','Not sold','2,000','1d6+2','1d10+1','piercing','pole_arm','yes',,,,,,
'pole_arm_+2','Pole Arm +2','Weapon',,'0','Not sold','8,000','1d6+3','1d10+2','piercing','pole_arm','yes',,,,,,
'pole_arm_+3','Pole Arm +3','Weapon',,'0','Not sold','18,000','1d6+4','1d10+3','piercing','pole_arm','yes',,,,,,
'pole_arm_+4','Pole Arm +4','Weapon',,'0','Not sold','32,000','1d6+5','1d10+4','piercing','pole_arm','yes',,,,,,
'pole_arm_+5','Pole Arm +5','Weapon',,'0','Not sold','50,000','1d6+6','1d10+5','piercing','pole_arm','yes',,,,,,
'pole_arm_cursed','Pole Arm Cursed','Weapon',,'0','Not sold','0','1d6+1','1d10','piercing','pole_arm','yes',,,,,,
'spear_+1','Spear +1','Weapon',,'0','Not sold','2,000','1d6+1','1d8+1','piercing','spear','yes',,,,,,
'spear_+2','Spear +2','Weapon',,'0','Not sold','8,000','1d6+2','1d8+2','piercing','spear','yes',,,,,,
'spear_+3','Spear +3','Weapon',,'0','Not sold','18,000','1d6+3','1d8+3','piercing','spear','yes',,,,,,
'spear_+4','Spear +4','Weapon',,'0','Not sold','32,000','1d6+4','1d8+4','piercing','spear','yes',,,,,,
'spear_+5','Spear +5','Weapon',,'0','Not sold','50,000','1d6+5','1d8+5','piercing','spear','yes',,,,,,
'spear_cursed','Spear Cursed','Weapon',,'0','Not sold','0','1d6','1d8+6','piercing','spear','yes',,,,,,
'trident_+1','Trident +1','Weapon',,'0','Not sold','2,000','1d6+2','3d4+1','piercing','trident','yes',,,,,,
'trident_+2','Trident +2','Weapon',,'0','Not sold','8,000','1d6+3','3d4+2','piercing','trident','yes',,,,,,
'trident_+3','Trident +3','Weapon',,'0','Not sold','18,000','1d6+4','3d4+3','piercing','trident','yes',,,,,,
'trident_+4','Trident +4','Weapon',,'0','Not sold','32,000','1d6+5','3d4+4','piercing','trident','yes',,,,,,
'trident_+5','Trident +5','Weapon',,'0','Not sold','50,000','1d6+6','3d4+5','piercing','trident','yes',,,,,,
'trident_cursed','Trident Cursed','Weapon',,'0','Not sold','0','1d6+1','3d4','piercing','trident','yes',,,,,,
'trident_fork','Trident/Fork','Weapon',,'0','Not sold','12500','1d6+4','3d4+3','piercing','trident','yes',,,,,,'<b>(AFPRT)</b><br />A shorter than normal trident with a 6 ft haft, usable as a melee or missile weapon but too short in this mode to be set against a charge. When the command word is spoken, the trident lengthens into a full pole arm and can be set against a charge as a normal pole arm. In either mode, the weapon is +3 to hit and damage.'
'sling_+1','Sling +1','Weapon',,'0','Not sold','2,000','by ammo','by ammo','missile','sling','yes',,,,,,
'sling_+2','Sling +2','Weapon',,'0','Not sold','8,000','by ammo','by ammo','missile','sling','yes',,,,,,
'sling_+3','Sling +3','Weapon',,'0','Not sold','18,000','by ammo','by ammo','missile','sling','yes',,,,,,
'sling_+4','Sling +4','Weapon',,'0','Not sold','32,000','by ammo','by ammo','missile','sling','yes',,,,,,
'sling_+5','Sling +5','Weapon',,'0','Not sold','50,000','by ammo','by ammo','missile','sling','yes',,,,,,
'sling_cursed','Sling Cursed','Weapon',,'0','Not sold','0','by ammo','by ammo','missile','sling','yes',,,,,,
'sling_of_the_halfling','Sling of the Halfling','Weapon',,'0','Not sold','7,000','by ammo','by ammo','missile','sling','yes',,,,,,'<b>(AFPRT)</b><br />Grants +2 “to hit” and damage rolls, but is figured as a +1 weapon in terms of which creatures it can affect.'
'sword_bastard_+1','Sword, Bastard +1','Weapon','Sword','0','Not sold','2,000','2d4+1','2d8+1','slicing, both-hand','sword_bastard','yes',,,,,,
'sword_bastard_+2','Sword, Bastard +2','Weapon','Sword','0','Not sold','4,000','2d4+2','2d8+2','slicing, both-hand','sword_bastard','yes',,,,,,
'sword_bastard_+3','Sword, Bastard +3','Weapon','Sword','0','Not sold','7,000','2d4+3','2d8+3','slicing, both-hand','sword_bastard','yes',,,,,,
'sword_bastard_+4','Sword, Bastard +4','Weapon','Sword','0','Not sold','10,000','2d4+4','2d8+4','slicing, both-hand','sword_bastard','yes',,,,,,
'sword_bastard_+5','Sword, Bastard +5','Weapon','Sword','0','Not sold','15,000','2d4+5','2d8+5','slicing, both-hand','sword_bastard','yes',,,,,,
'sword_bastard_cursed','Sword, Bastard Cursed','Weapon','Sword','0','Not sold','0','2d4','2d8','slicing, both-hand','sword_bastard','yes',,,,,,
'sword_claymore_+1','Sword, Claymore +1','Weapon','Sword','0','Not sold','2,000','2d4+1','2d8+1','slicing, both-hand','sword_claymore','yes',,,,,,
'sword_claymore_+2','Sword, Claymore +2','Weapon','Sword','0','Not sold','4,000','2d4+2','2d8+2','slicing, both-hand','sword_claymore','yes',,,,,,
'sword_claymore_+3','Sword, Claymore +3','Weapon','Sword','0','Not sold','7,000','2d4+3','2d8+3','slicing, both-hand','sword_claymore','yes',,,,,,
'sword_claymore_+4','Sword, Claymore +4','Weapon','Sword','0','Not sold','10,000','2d4+4','2d8+4','slicing, both-hand','sword_claymore','yes',,,,,,
'sword_claymore_+5','Sword, Claymore +5','Weapon','Sword','0','Not sold','15,000','2d4+5','2d8+5','slicing, both-hand','sword_claymore','yes',,,,,,
'sword_claymore_cursed','Sword, Claymore Cursed','Weapon','Sword','0','Not sold','0','2d4','2d8','slicing, both-hand','sword_claymore','yes',,,,,,
'sword_broad_+1','Sword, Broad +1','Weapon','Sword','0','Not sold','2,000','2d4+1','1d6+2','slicing, two-hand','sword_broad','yes',,,,,,
'sword_broad_+2','Sword, Broad +2','Weapon','Sword','0','Not sold','4,000','2d4+2','1d6+3','slicing, two-hand','sword_broad','yes',,,,,,
'sword_broad_+3','Sword, Broad +3','Weapon','Sword','0','Not sold','7,000','2d4+3','1d6+4','slicing, two-hand','sword_broad','yes',,,,,,
'sword_broad_+4','Sword, Broad +4','Weapon','Sword','0','Not sold','10,000','2d4+4','1d6+5','slicing, two-hand','sword_broad','yes',,,,,,
'sword_broad_+5','Sword, Broad +5','Weapon','Sword','0','Not sold','15,000','2d4+5','1d6+6','slicing, two-hand','sword_broad','yes',,,,,,
'sword_broad_cursed','Sword, Broad Cursed','Weapon','Sword','0','Not sold','0','2d4','1d6+1','slicing, two-hand','sword_broad','yes',,,,,,
'sword_long_+1','Sword, Long +1','Weapon','Sword','0','Not sold','2,000','1d8+1','1d12+1','slicing','sword_long','yes',,,,,,
'sword_long_+2','Sword, Long +2','Weapon','Sword','0','Not sold','4,000','1d8+2','1d12+2','slicing','sword_long','yes',,,,,,
'sword_long_+3','Sword, Long +3','Weapon','Sword','0','Not sold','7,000','1d8+3','1d12+3','slicing','sword_long','yes',,,,,,
'sword_long_+4','Sword, Long +4','Weapon','Sword','0','Not sold','10,000','1d8+4','1d12+4','slicing','sword_long','yes',,,,,,
'sword_long_+5','Sword, Long +5','Weapon','Sword','0','Not sold','15,000','1d8+5','1d12+5','slicing','sword_long','yes',,,,,,
'sword_long_cursed','Sword, Long Cursed','Weapon','Sword','0','Not sold','0','1d8','1d12','slicing','sword_long','yes',,,,,,
'sword_bleeding_sword','Bleeding Sword','Weapon','Sword','0','Not sold','22,000','1d8+1','1d12+1','slicing','sword_long','yes',,,,,,'<b>(AFPRT)</b><br />A feared weapon, the <i>bleeding sword</i> is a +1 blade with a terrible power. Any damage caused by this weapon is progressive for up to 10 melee rounds on a 1 for 1 basis. An attack causing 5 points of damage, for instance, will cause an additional 5 points of damage the next combat round and each following round; up to 50 damage points total. Hit point damage can be halted by the victim leaving combat and binding his or her wounds. All hits from this blade do damage the same way. Wounds caused by this magic sword can only be healed with rest and time; no curative magic of any type will be effective. Even creatures capable of regenerating cannot heal themselves thus, whether this a natural ability (trolls) or magical ability (<i>ring of regeneration</i>).'
'sword_dancing_sword','Dancing Sword','Weapon','Sword','0','Not sold','22,000','1d8+1','1d12+1','slicing','sword_long','yes',,,,,,'<b>(AFPRT)</b><br />An unusual weapon. During the first round the <i>dancing</i> sword is used in combat it performs as a +1 blade. Each subsequent round the sword adds an additional +1 bonus up to the maximum of +4 in the fourth round. In round 5 the process begins again, and at this point the blade can “dance”.<br /><br />A <i>dancing sword</i> can then be loosed from the wielder’s hand to fight on its own for 4 rounds, up to 30 ft away. The <i>dancing sword</i> will fight as if still being held by the owner and gains the successive bonuses to its attack and damage each round. When the <i>dancing sword</i> cycles from +4 back to +1 it will return to its owner’s hand, where it must be wielded for 4 rounds before being released to dance again.<br /><br />If the owner declines to grasp the sword when it returns to him or her, or if he or she moves more than 30 ft away from the <i>dancing sword</i>, the weapon will fall inanimate to the ground. The sword cannot be physically attacked by its opponent while dancing, though it is subject to magical attacks and effects (examples: <i>fireball</i>, <i>transmute metal to wood</i>). While the sword is dancing, the wielder can perform any other action he or she wishes, including fighting with another weapon.'
'sword_defender','Defender','Weapon','Sword','0','Not sold','15,000','1d8+4','1d12+4','slicing','sword_long','yes',,,,,,'<b>(AFPRT)</b><br />This sword is +4, but the wielder of this sword has the option each round of adding all or part of the bonus to his or her AC. Thus, a fighter could increase his or her current AC of 2 (plate mail with shield) to AC 0 by deducting 2 points from the sword’s +4 bonus and making the <i>defender></i> +2 to hit for that round. '
'sword_dragonbane','Dragonbane','Weapon','Sword','0','Not sold','4,500','1d8+2','1d12+2','slicing','sword_long','yes',,,,,,'<b>(AFPRT)</b><br />The <i>dragonbane</i> sword is +2 against most opponents, +4 vs all dragons and against one specific type of dragon (determined randomly) deals triple damage. If one of these swords should be determined to be intelligent (see below), it will in no way allow the player to slay a dragon of the same alignment. A chart is included to assist the GM with selecting a dragon type for triple damage. Since a campaign may include other types of dragons, the GM may wish to modify this list.<br /><br /><b>d10&#09;Result</b><br />01&#09;black<br />02&#09;blue<br />03&#09;brass<br />04&#09;bronze<br />05&#09;copper<br />06&#09;gold<br />07&#09;green<br />08&#09;red<br />09&#09;silver<br />10&#09;white'
'sword_flaming_blade','Flaming Blade','Weapon','Sword','0','Not sold','4,500','1d8+1','1d12+1','slicing','sword_long','yes',,,,,,'<b>(AFPRT)</b><br />The blade of this weapon bursts into flame when its command word is spoken, giving illumination as a torch. The sword does not otherwise glow as most other magic swords do. The flame tongue’s fiery blade can easily ignite paper, oil, kindling, webs, or dry wood.<br />The sword is normally +1, but gives a +2 as a <i>trollbane</i> does, a +3 bonus against creatures that are inflammable, bird-like or have a special attack involving cold, and a +4 against undead. These bonuses do not stack; only the highest bonus should be counted. (Thus, if attacking a skeletal roc, the sword is +4 not +7.)'
'sword_frost_brand','Frost Brand','Weapon','Sword','0','Not sold','8,000','1d8+3','1d12+3','slicing','sword_long','yes',,,,,,'<b>(AFPRT)</b><br />The <i>frost brand</i> is normally +3, granting a +6 bonus against any creature using fire as its attack (e.g. red dragons) or dwelling in fire such as fire elementals. This weapon grants special defence against fire; treat the wielder as if he or she were wearing a <i>ring of fire resistance</i>. The cold based magic of the blade also has a 50% chance of extinguishing fire for a 10 ft radius, including magical fires such as a <i>wall of fire</i> but not fire based attacks such as hell hound breath attacks or <i>fireballs</i>. Note: this blade does not shed light when drawn unless the ambient temperature is below freezing.'
'sword_giantbane','Giantbane','Weapon','Sword','0','Not sold','4,500','1d8+2','1d12+2','slicing','sword_long','yes',,,,,,'<b>(AFPRT)</b><br />This sword will be +2 when fighting most foes. Against giant-like humanoids such as ettin or ogres, the giant slayer functions as a +3 blade. Against true giants such as hill giants or storm giants, the sword also does double damage.'
'sword_short_+1','Sword, Short +1','Weapon','Sword','0','Not sold','2,000','1d6+1','1d8+1','piercing','sword_short','yes',,,,,,
'sword_short_+2','Sword, Short +2','Weapon','Sword','0','Not sold','4,000','1d6+2','1d8+2','piercing','sword_short','yes',,,,,,
'sword_short_+3','Sword, Short +3','Weapon','Sword','0','Not sold','7,000','1d6+3','1d8+3','piercing','sword_short','yes',,,,,,
'sword_short_+4','Sword, Short +4','Weapon','Sword','0','Not sold','10,000','1d6+4','1d8+4','piercing','sword_short','yes',,,,,,
'sword_short_+5','Sword, Short +5','Weapon','Sword','0','Not sold','15,000','1d6+5','1d8+5','piercing','sword_short','yes',,,,,,
'sword_short_cursed','Sword, Short Cursed','Weapon','Sword','0','Not sold','0','1d6','1d8','piercing','sword_short','yes',,,,,,
'sword_scimitar_+1','Sword, Scimitar +1','Weapon','Sword','0','Not sold','2,000','1d8+1','1d8+1','slicing','sword_scimitar','yes',,,,,,
'sword_scimitar_+2','Sword, Scimitar +2','Weapon','Sword','0','Not sold','4,000','1d8+2','1d8+2','slicing','sword_scimitar','yes',,,,,,
'sword_scimitar_+3','Sword, Scimitar +3','Weapon','Sword','0','Not sold','7,000','1d8+3','1d8+3','slicing','sword_scimitar','yes',,,,,,
'sword_scimitar_+4','Sword, Scimitar +4','Weapon','Sword','0','Not sold','10,000','1d8+4','1d8+4','slicing','sword_scimitar','yes',,,,,,
'sword_scimitar_+5','Sword, Scimitar +5','Weapon','Sword','0','Not sold','15,000','1d8+5','1d8+5','slicing','sword_scimitar','yes',,,,,,
'sword_scimitar_cursed','Sword, Scimitar Cursed','Weapon','Sword','0','Not sold','0','1d8','1d8','slicing','sword_scimitar','yes',,,,,,
